Band,Frequency (GHz),Delta T_band (K),T_band_avg (K),Percent difference (band avg),Picowatt loading
Low,128-170,-1.9891960810555296,14.620887269333819,-0.13659037081944211,13.056166627352486
Medium,195-245,0.010958399041246528,16.378680862097443,0.0006114558607626953,16.585659672126468
High,245-310,0.8029250071423073,18.942009899650813,0.04031679994534065,25.650364889360386
