Band,Frequency (GHz),Delta T_band (K),T_band_avg (K),Percent difference (band avg),Picowatt loading
Low,128-170,-0.7163101465199329,9.57706361281181,-0.07587419510719956,4.315313894665659
Medium,195-245,0.012276349501659706,10.738486385664103,0.0010313506433065425,5.469849609120182
High,245-310,0.3182948379775633,11.97159534572189,0.024578147507755284,8.147897186892173
